sourceKey,title,genres,durationMinutes,releaseDate,ageRating,sourceUrl,fetchedAt,verifiedAt,origin,visibility,posterPath,rightsNote,country,slug,tagline,synopsis,palette,artworkLabel,featured
demo-mot-dem-o-ha-noi,Một Đêm Ở Hà Nội,Tâm lý|Tình cảm,112,2026-09-01,T13,,,,SYNTHETIC,PUBLISHED,,Synthetic DEMO; authored for CineViet,Việt Nam,mot-dem-o-ha-noi,Thành phố giữ bí mật. Đêm nay nó kể lại.,Một nữ kiến trúc sư đi qua những con phố quen để tìm bản vẽ cuối cùng cha cô để lại.,#111A3D|#D84D5E|#F2CB83,Đêm xanh · mái ngói · ánh cửa sổ,true
demo-duong-dua-tren-may,Đường Đua Trên Mây,Hành động|Phiêu lưu,126,2026-09-02,T16,,,,SYNTHETIC,PUBLISHED,,Synthetic DEMO; authored for CineViet,Việt Nam,duong-dua-tren-may,"Không có đường tắt ở độ cao 3.000 mét.",Một đội cứu hộ nghiệp dư băng qua đèo mây trong cuộc đua với thời tiết.,#0A3447|#4E92A3|#F0C77A,Đèo mây · đèn xe · bình minh,false
demo-tiem-banh-ben-song,Tiệm Bánh Bên Sông,Hài|Tình cảm,98,2026-09-03,P,,,,SYNTHETIC,PUBLISHED,,Synthetic DEMO; authored for CineViet,Việt Nam,tiem-banh-ben-song,Công thức cũ. Một gia đình mới.,Ba chị em trở về quê để bán tiệm bánh của mẹ và thử mở cửa thêm đúng bảy ngày.,#70423C|#E7A262|#F5E4C6,Lò bánh · mặt sông · nắng sớm,false
demo-hanh-tinh-giay,Hành Tinh Giấy,Hoạt hình|Phiêu lưu,91,2026-09-04,P,,,,SYNTHETIC,PUBLISHED,,Synthetic DEMO; authored for CineViet,Việt Nam,hanh-tinh-giay,Gấp một cánh cửa. Mở cả vũ trụ.,Cậu bé An phát hiện những mô hình giấy của bà có thể mở lối tới một hành tinh.,#402A72|#E05C85|#FFD986,Origami · chòm sao · giấy màu,false
demo-mat-ma-bien-xanh,Mật Mã Biển Xanh,Hành động|Tâm lý,119,2026-09-05,T16,,,,SYNTHETIC,PUBLISHED,,Synthetic DEMO; authored for CineViet,Việt Nam,mat-ma-bien-xanh,"Dưới đáy biển, mọi tín hiệu đều có giá.",Một kỹ sư âm thanh nhận chuỗi tín hiệu lạ từ trạm nghiên cứu đã bỏ hoang.,#071C30|#147E92|#E0BB6A,Đại dương · sonar · trạm chìm,false
demo-chuyen-tau-suong-ma,Chuyến Tàu Sương Mai,Tình cảm|Tâm lý,104,2026-09-06,T13,,,,SYNTHETIC,PUBLISHED,,Synthetic DEMO; authored for CineViet,Việt Nam,chuyen-tau-suong-ma,Một chuyến đi. Hai lá thư chưa gửi.,Một phụ nữ trở lại quê trên chuyến tàu đầu ngày và gặp người giữ chiếc hộp thư thất lạc.,#26354B|#A97972|#EAD4B0,Ga tàu · sương sớm · lá thư,false
demo-dao-nguoc-thoi-gian,Đảo Ngược Thời Gian,Phiêu lưu|Hài,107,2026-09-07,P,,,,SYNTHETIC,PUBLISHED,,Synthetic DEMO; authored for CineViet,Việt Nam,dao-nguoc-thoi-gian,Ngày hôm qua đang đợi ở phía trước.,Ba người bạn tìm thấy chiếc đồng hồ chỉ chạy khi họ nói thật.,#214A62|#E5A853|#F4E2B4,Đồng hồ · con hẻm · ánh chiều,false
demo-khu-vuon-tren-mai,Khu Vườn Trên Mái,Hoạt hình|Tình cảm,89,2026-09-08,P,,,,SYNTHETIC,PUBLISHED,,Synthetic DEMO; authored for CineViet,Việt Nam,khu-vuon-tren-mai,Hạt giống nhỏ kể chuyện thành phố lớn.,Một cô bé và người hàng xóm trồng khu vườn trên mái nhà giữa mùa khô.,#254D4A|#78AA7D|#F0D994,Mái nhà · lá non · bầu trời,false
demo-dem-cuoi-o-hai-dang,Đêm Cuối Ở Hải Đăng,Tâm lý|Hành động,116,2026-09-09,T16,,,,SYNTHETIC,PUBLISHED,,Synthetic DEMO; authored for CineViet,Việt Nam,dem-cuoi-o-hai-dang,Ánh đèn tắt rồi ai sẽ tìm đường.,Người gác đèn phải sửa hệ thống báo hiệu trước khi đoàn tàu vượt qua cơn bão.,#102B45|#C35758|#F2D090,Hải đăng · mưa đêm · tín hiệu,false
demo-phong-thu-nghiem-mat-trang,Phòng Thử Nghiệm Mặt Trăng,Phiêu lưu|Hoạt hình,95,2026-09-10,P,,,,SYNTHETIC,PUBLISHED,,Synthetic DEMO; authored for CineViet,Việt Nam,phong-thu-nghiem-mat-trang,Mỗi phát minh cần một người tin.,Nhóm học sinh dựng phòng thí nghiệm nhỏ để giải mã tín hiệu từ mô hình vệ tinh.,#242B63|#7775BC|#E8D99F,Vệ tinh · sân trường · trăng sáng,false
demo-bep-lua-cuoi-pho,Bếp Lửa Cuối Phố,Hài|Tình cảm,101,2026-09-11,P,,,,SYNTHETIC,PUBLISHED,,Synthetic DEMO; authored for CineViet,Việt Nam,bep-lua-cuoi-pho,Một bữa tối có thể đổi cả khu phố.,Chủ quán cơm quyết định mở cửa miễn phí một đêm và nhận lại những câu chuyện bất ngờ.,#5E352F|#C88056|#F5D9A7,Quán cơm · phố nhỏ · ánh bếp,false
demo-vet-muc-tren-ban-do,Vết Mực Trên Bản Đồ,Hành động|Phiêu lưu,122,2026-09-12,T13,,,,SYNTHETIC,PUBLISHED,,Synthetic DEMO; authored for CineViet,Việt Nam,vet-muc-tren-ban-do,Bản đồ sai lại dẫn đúng đường.,Một họa viên tìm thấy mật mã trong bản đồ cũ và cùng em trai truy dấu kho lưu trữ bị quên.,#173B48|#577F72|#EAC78E,Bản đồ · mực xanh · kho sách,false
